numero_fila,id_contrato
1,4696608
2,5719533
3,2647985
4,3423229
5,5849002
6,1377867
7,2395235
8,2989527
9,3369991
10,5724748
11,2157402
12,5373171
13,2250903
14,5714643
15,4693135
16,4938809
17,5731086
18,3229901
19,6084082
20,1800626
21,3238052
22,5733633
23,4996642
24,1351126
25,3458916
26,5886193
27,6104303
28,3331148
29,2293935
30,3244783
31,3201363
32,4563353
33,2257776
34,3201753
35,3244731
36,4464961
37,3282959
38,5724806
39,3202768
40,1883131
41,2785567
42,1735096
43,5364571
44,5301206
45,1772089
46,4473882
47,4878313
48,6164041
49,3384794
50,3276518
51,2177220
52,1649352
53,5292490
54,4245648
55,6021315
56,5317739
57,1353211
58,5555935
59,5760743
60,2450772
61,4499545
62,5971110
63,5935893
64,5402756
65,1317716
66,3213960
67,3366882
68,5817964
69,4627580
70,1339159
71,5850231
72,3278543
73,6095306
74,3211170
75,3271465
76,1356456
77,3442967
78,5338743
79,5956404
80,6070585
81,4397744
82,1309951
83,4714919
84,1344926
85,3016170
86,2380597
87,1283737
88,3319640
89,4875911
90,6012728
91,3475697
92,5028616
93,2242129
94,5219918
95,2435554
96,3485613
97,3268672
98,4908243
99,2155624
100,4587080
101,5715722
102,3444727
103,5008837
104,3202582
105,5822800
106,4592618
107,6016018
108,5850690
109,3384593
110,4669956
111,2467223
112,5406050
113,5716166
114,1402012
115,3227328
116,4869373
117,2920501
118,5908675
119,6045414
120,5104504
121,5365122
122,1309681
123,2146537
124,4407871
125,5356343
126,2370196
127,6020017
128,5966751
129,5960443
130,5786915
131,5900112
132,1879825
133,3360566
134,5731086
135,5724622
136,3224046
137,5232661
138,2151215
139,4532830
140,4429029
141,5279497
142,5395075
143,5197591
144,5786959
145,1509351
146,3043941
147,5512808
148,5727995
149,3509597
150,2720459
151,5561125
152,3272463
153,2256130
154,5173931
155,1453902
156,3375375
157,5956404
158,2130537
159,5928027
160,3214437
161,5967441
162,4559244
163,1363038
164,5816742
165,4640303
166,1598767
167,5457984
168,4440437
169,3330567
170,3343524
171,4434529
172,3417986
173,4162890
174,5976309
175,5754167
176,3125946
177,1318920
178,4498877
179,2128076
180,2407112
181,4891072
182,4955012
183,5888170
184,5050370
185,2301913
186,5928887
187,2170914
188,1836192
189,5338844
190,3233163
191,2274120
192,3330998
193,4912058
194,4650648
195,5821538
196,6035627
197,3205744
198,5268780
199,4179277
200,3492476
201,4017619
202,3650545
203,3266413
204,2310754
205,5805324
206,5800364
207,2524750
208,5919264
209,4700104
210,2116245
211,5751840
212,3213777
213,1276152
214,3254866
215,3182989
216,5800077
217,3252758
218,1519114
219,4552254
220,4694568
221,4613357
222,5787303
223,3176003
224,5938865
225,6082544
226,4442514
227,4613742
228,5967367
229,5819761
230,4454338
231,3780521
232,5755585
233,5938930
234,4563956
235,3497220
236,2269510
237,5997732
238,4635885
239,1885844
240,3441473
241,5823452
242,4600413
243,6186633
244,4588148
245,4588952
246,3087930
247,2792561
248,6017331
249,1336749
250,1340850
251,1806721
252,4493247
253,2246977
254,1413710
255,4746701
256,2418607
257,5941810
258,2544940
259,4660481
260,2362751
261,3172976
262,5301993
263,4778733
264,4241223
265,3483203
266,5967250
267,4441140
268,5827302
269,5872557
270,5167037
271,1882912
272,3218358
273,4592232
274,3291401
275,5262987
276,1452382
277,3312441
278,2102624
279,5296357
280,2292660
281,2358487
282,2429727
283,4460686
284,2115884
285,3328847
286,4431204
287,2342070
288,4873389
289,2382251
290,5287908
291,1264617
292,4494240
293,4670472
294,5979870
295,3202457
296,3062469
297,3496279
298,2695666
299,4594495
300,4693831
301,5296421
302,3448331
303,5937971
304,5996374
305,1272706
306,6048838
307,4456541
308,1314115
309,4780096
310,4559480
311,3440772
312,4564237
313,5123981
314,2325494
315,6168876
316,2288761
317,2897107
318,1345604
319,2237558
320,5749469
321,4699432
322,5148313
323,2697112
324,2665349
325,5951948
326,2025627
327,1303670
328,3211683
329,6087479
330,1387837
331,2434889
332,5650437
333,1740244
334,5843158
335,2997065
336,5377301
337,6111900
338,4427354
339,4842032
340,3168911
341,4606687
342,6089931
343,2491302
344,5982996
345,2050302
346,1326721
347,1432601
348,5886468
349,5908675
350,4612919
351,2160845
352,5855521
353,6049809
354,2325531
355,5351925
356,5213415
357,1523124
358,3454972
359,2246059
360,2184454
361,3369226
362,5784082
363,2129666
364,3441954
365,3206021
366,2609312
367,4391924
368,4890568
369,1254640
370,2526313
371,1739519
372,2238388
373,3800796
374,3272216
375,4651774
376,5374525
377,2694094
378,2212569
379,1323383
380,4486596
381,5950349
382,1404302
383,4533848
384,4608135
385,5974221
386,5875179
387,5583393
388,5751982
389,4473045
390,4775539
391,5937971
392,5828031
393,2996994
394,3482405
395,3327646
396,2548281
397,2217519
398,2212175
399,5878542
400,3318376
401,5274714
402,5814622
403,6171704
404,4442727
405,1522806
406,4456561
407,6026053
408,1314702
409,4661519
410,1352178
411,2364216
412,4509906
413,5518225
414,1273638
415,3228057
416,5778754
417,2654702
418,2333148
419,5889377
420,4812042
421,2513977
422,5387194
423,3213339
424,2130413
425,3479751
426,5465693
427,1459521
428,3445547
429,5907453
430,1813737
431,3448852
432,3252713
433,4581551
434,5408939
435,5186639
436,5324238
437,5856954
438,6003936
439,2490886
440,3212940
441,5968300
442,5921498
443,5918462
444,5434916
445,4457587
446,1439722
447,6003734
448,4787393
449,5869935
450,4057641
451,4496065
452,2857500
453,4578158
454,2174104
455,5903238
456,4540424
457,5928015
458,5288605
459,2035165
460,3239825
461,4636477
462,2447934
463,3181477
464,3377563
465,6172006
466,3262126
467,1291800
468,5290116
469,3213744
470,5362424
471,3377134
472,4086731
473,5749971
474,5951442
475,3411952
476,2368667
477,4646341
478,5762783
479,1264706
480,6049346
481,5235295
482,1378991
483,5744227
484,4503942
485,5749982
486,3229673
487,1703051
488,1397702
489,4594272
490,2252277
491,5468042
492,4810321
493,5937967
494,5873666
495,5896442
496,3437710
497,5537093
498,2758355
499,4803177
500,5984123
501,4630905
502,1628209
503,5353032
504,3255018
505,1883496
506,6086267
507,3330988
508,4711643
509,3479523
510,2727842
511,3177695
512,1306125
513,5928106
514,4793790
515,2342395
516,5946941
517,3286638
518,4977544
519,3225768
520,4612865
521,5265304
522,5355425
523,3472119
524,5986017
525,5804458
526,5387043
527,3182470
528,2692849
529,4617737
530,3304638
531,4479258
532,4755625
533,1377875
534,3315923
535,1536221
536,4484811
537,5978015
538,3413684
539,4603072
540,5990152
541,1429615
542,6085259
543,3273107
544,4696641
545,6028016
546,5727802
547,1569810
548,5874874
549,4207227
550,4806538
551,5524463
552,5734181
553,1352073
554,3492760
555,2698225
556,5994445
557,5741655
558,3214695
559,1545091
560,2738201
561,5810559
562,1424230
563,3273859
564,2858724
565,5946913
566,2770324
567,4874194
568,5728457
569,1316372
570,4120148
571,3788329
572,3168845
573,2437722
574,3206718
575,2159553
576,1830161
577,1883666
578,3269904
579,5119506
580,2738101
581,3175589
582,1405769
583,1439729
584,4395507
585,6111006
586,1369027
587,5728639
588,3267603
589,4461002
590,4635826
591,4474326
592,2774476
593,3475219
594,4500053
595,2796829
596,4503663
597,2770468
598,2885001
599,5956923
600,5749982
601,3091741
602,4509675
603,5982099
604,4564131
605,3269303
606,2362639
607,5034880
608,4888991
609,4850304
610,1323608
611,3254781
612,5187327
613,4469975
614,3274731
615,3375002
616,1884833
617,5618027
618,5944835
619,3242220
620,5933216
621,4461379
622,5809409
623,3080825
624,2292586
625,4604265
626,1561918
627,2506147
628,2433511
629,1383703
630,2772732
631,1429692
632,6076330
633,4458019
634,5372417
635,4162040
636,4672640
637,5309428
638,5739316
639,2860282
640,5723438
641,4765581
642,3077001
643,5913363
644,6161262
645,3511988
646,4930324
647,1397535
648,2186437
649,2342270
650,3255685
651,5822327
652,5968494
653,5235104
654,5636362
655,5948546
656,5920742
657,5736901
658,4474188
659,5402854
660,2030834
661,3486403
662,4473535
663,5856035
664,3291947
665,5197050
666,3303007
667,5262143
668,3174213
669,6028898
670,1438996
671,3274607
672,2238498
673,4246339
674,5888209
675,4694779
676,2698096
677,4813786
678,3783873
679,5984260
680,3243656
681,1344549
682,5317491
683,1349257
684,4491822
685,4621211
686,2454817
687,4499847
688,2144085
689,5017452
690,5854627
691,4730105
692,3551731
693,3267112
694,1552250
695,1325972
696,2231110
697,2207704
698,6015853
699,2180401
700,4726531
701,2246254
702,3228201
703,3363507
704,4545572
705,3240013
706,4778945
707,2152310
708,5900319
709,5847307
710,1291847
711,2030916
712,5989654
713,4437504
714,5727802
715,4302223
716,5104691
717,4116825
718,3377535
719,5041612
720,3269539
721,2775404
722,6004708
723,4719145
724,1536225
725,6153402
726,2579169
727,3181419
728,4161433
729,5902827
730,4718469
731,5967380
732,4154350
733,5470901
734,5987786
735,6003742
736,5356242
737,2521821
738,2393030
739,2454873
740,3302037
741,2186540
742,4662285
743,2140776
744,5716087
745,5339538
746,3264988
747,5230323
748,2617420
749,2958796
750,5990178
751,6077015
752,5740505
753,5972603
754,4660943
755,4120149
756,5282431
757,2256833
758,2939190
759,1369013
760,4540391
761,6085228
762,3301387
763,2107869
764,4929001
765,2692603
766,5831634
767,6093831
768,5395169
769,2358746
770,5753350
771,1368171
772,2625311
773,3206619
774,1324345
775,2317566
776,2249832
777,6008555
778,4522176
779,3272481
780,2959400
781,1391164
782,1633565
783,4826399
784,5963960
785,5282276
786,1412907
787,5994064
788,4938809
789,5290116
790,2380634
791,4662617
792,2475597
793,6012458
794,5306858
795,4559480
796,3522172
797,2563637
798,4611359
799,5981203
800,3265255
801,5766181
802,3278837
803,3253002
804,5391961
805,3267571
806,3290269
807,5782738
808,5548514
809,1406512
810,6161601
811,5726007
812,5911560
813,5192134
814,2352288
815,1443821
816,2589333
817,5770276
818,3214789
819,3307560
820,3169704
821,4181016
822,1652237
823,4557618
824,4459253
825,5868317
826,5606866
827,5948679
828,2851179
829,4611359
830,5474412
831,2982423
832,5381329
833,3175708
834,2330789
835,3331275
836,4597493
837,4601014
838,5888078
839,2206743
840,1814025
841,4303723
842,3319864
843,5556037
844,3209353
845,1453903
846,2729535
847,2242937
848,4664746
849,5303923
850,2806285
851,3462620
852,4331592
853,4462364
854,3212652
855,5814650
856,2397104
857,3452933
858,3287571
859,4675689
860,4627664
861,3252663
862,5054314
863,2447317
864,2101077
865,4555944
866,3290104
867,2248937
868,2106181
869,6012906
870,5889201
871,2184349
872,5903746
873,5406248
874,4882088
875,5727803
876,1841363
877,3290592
878,4509686
879,2123210
880,4502857
881,5836112
882,1857037
883,1308452
884,1391211
885,2881325
886,5728342
887,2667364
888,1282061
889,1341068
890,2035060
891,2531423
892,2369156
893,5407784
894,5428854
895,3224147
896,5342099
897,2262704
898,5947950
899,6043600
900,2983518
901,3176016
902,4160826
903,5784684
904,4162056
905,3345725
906,5524421
907,4773439
908,4773226
909,5499314
910,4543305
911,4869135
912,4457350
913,2673911
914,2605244
915,5255961
916,5745338
917,2192569
918,1393208
919,5806217
920,2666049
921,5834184
922,1715220
923,5811650
924,2242990
925,5886513
926,2347240
927,3337600
928,4122699
929,4494153
930,5834348
931,1894160
932,6048432
933,1378252
934,3256804
935,2473737
936,3213291
937,6026451
938,1285624
939,4812512
940,4424113
941,5034867
942,1337720
943,5836294
944,3292174
945,4574026
946,4739181
947,3345724
948,4683557
949,3278452
950,1409764
951,5900156
952,3180919
953,1829113
954,3241098
955,5805752
956,3343155
957,1427608
958,1349256
959,5883753
960,4492886
961,4630736
962,4321446
963,4477797
964,1365648
965,3276517
966,5858874
967,3344250
968,6098305
969,1277987
970,5931810
971,6153833
972,4562911
973,5629110
974,5947950
975,4503460
976,1398700
977,3376193
978,4124192
979,4550632
980,4794454
981,3251205
982,1356920
983,5927964
984,2874296
985,5553642
986,5957205
987,5934240
988,4423400
989,1331904
990,4612627
991,4563956
992,3378074
993,4461716
994,3241762
995,6115840
996,4679359
997,4474188
998,4085454
999,5303944
1000,5788132
1001,5812822
1002,5465528
1003,2249972
1004,1422933
1005,3418321
1006,5555935
1007,5501408
1008,1740748
1009,2551320
1010,2274134
1011,1404814
1012,5774468
1013,1397505
1014,5773873
1015,5812822
1016,5041615
1017,4154824
1018,5804901
1019,6042301
1020,2144300
1021,4712670
1022,5467946
1023,5728606
1024,1341409
1025,1783085
1026,4203789
1027,4721585
1028,2301484
1029,3213086
1030,4561465
1031,3237770
1032,5858917
1033,5858917
1034,1278614
1035,4561465
1036,2775246
1037,1894286
1038,2160015
1039,2141332
1040,4280024
1041,4598206
1042,4606687
1043,3250696
1044,2862989
1045,3395857
1046,5737706
1047,3521285
1048,2186742
1049,4736946
1050,1306203
1051,2966241
1052,5764048
1053,4558152
1054,2289442
1055,4693520
1056,3015106
1057,4844282
1058,4577185
1059,2775259
1060,4493247
1061,5075773
1062,5276913
1063,1523916
1064,5355406
1065,4462024
1066,1426930
1067,4457350
1068,4798269
1069,5870595
1070,3477253
1071,3446930
1072,1409587
1073,3175599
1074,5745253
1075,5101006
1076,4241609
1077,2248252
1078,1326498
1079,5083665
1080,2501675
1081,5243802
1082,4497423
1083,3400247
1084,5243518
1085,1791018
1086,5900198
1087,1931593
1088,5378785
1089,5449722
1090,1266723
1091,3240086
1092,2174169
1093,3254584
1094,4456815
1095,2808424
1096,5728185
1097,5897962
1098,5791844
1099,2184483
1100,2341686
1101,4431204
1102,5994521
1103,3449518
1104,5756975
1105,3413085
1106,4104916
1107,5526710
1108,4543032
1109,4449601
1110,1292347
1111,4609897
1112,4663839
1113,5335792
1114,4566421
1115,2228691
1116,4250671
1117,1340876
1118,3641054
1119,2325521
1120,1426179
1121,5729350
1122,3225411
1123,4255709
1124,3310489
1125,4543360
1126,3175626
1127,2274075
1128,2160235
1129,5957125
1130,6028780
1131,2523349
1132,4887172
1133,6130754
1134,1783705
1135,2252595
1136,4696510
1137,4299341
1138,3379445
1139,4995333
1140,6025483
1141,4530125
1142,6012541
1143,5948929
1144,5728077
1145,5840576
1146,3509712
1147,5929526
1148,2807996
1149,4248089
1150,3436355
1151,5464976
1152,5995337
1153,3175248
1154,2970215
1155,3272623
1156,5903808
1157,2183677
1158,2256812
1159,2367895
1160,5909033
1161,1396569
1162,4502809
1163,5999295
1164,5955107
1165,2185978
1166,4815758
1167,1956614
1168,6173646
1169,2566417
1170,3254619
1171,2299754
1172,1273801
1173,3172593
1174,5930851
1175,3450480
1176,2225107
1177,2342250
1178,5311101
1179,5928690
1180,5857221
1181,2188061
1182,3390803
1183,4748503
1184,4794431
1185,5343202
1186,3272512
1187,2896035
1188,3222207
1189,3229166
1190,3463778
1191,3781829
1192,5824061
1193,5997173
1194,3216495
1195,5928216
1196,3226913
1197,3201115
1198,4859781
1199,1286506
1200,1405699
1201,5965446
1202,5858744
1203,3477881
1204,6025615
1205,1862441
1206,3016616
1207,2265995
1208,3459589
1209,3180898
1210,3224060
1211,5754327
1212,3203925
1213,1828923
1214,4580136
1215,3871081
1216,4163553
1217,4391977
1218,4700234
1219,1323117
1220,1573219
1221,1357914
1222,2857673
1223,3773646
1224,5326595
1225,2228367
1226,5266084
1227,3224653
1228,5919481
1229,4590540
1230,4473950
1231,1681681
1232,6042301
1233,5496554
1234,3497085
1235,1387201
1236,6092282
1237,5800077
1238,5298539
1239,2301308
1240,3332633
1241,4627079
1242,4926487
1243,3442470
1244,5721531
1245,2526633
1246,5983120
1247,5727995
1248,6128345
1249,1307393
1250,2188314
1251,2953910
1252,1392888
1253,4593241
1254,5469794
1255,3451883
1256,6009561
1257,4457623
1258,5997198
1259,2312836
1260,4100165
1261,6094936
1262,4162026
1263,3165210
1264,3239064
1265,4681978
1266,3455148
1267,4703023
1268,2923047
1269,5056111
1270,6116510
1271,5830848
1272,5846769
1273,6026053
1274,2274184
1275,1879743
1276,2972925
1277,1352369
1278,4511454
1279,2315707
1280,1303131
1281,3240782
1282,2693137
1283,6041625
1284,2898610
1285,3240207
1286,5336472
1287,2170028
1288,1314173
1289,2835171
1290,5819761
1291,5331894
1292,5847922
1293,4693135
1294,4810316
1295,4676398
1296,2269184
1297,3368345
1298,4660586
1299,3267977
1300,5729201
1301,5332707
1302,5281612
1303,2698163
1304,5960993
1305,5926198
1306,4753059
1307,2966137
1308,1661974
1309,4706396
1310,2256397
1311,3234899
1312,3321838
1313,5728445
1314,3377361
1315,4439757
1316,4476507
1317,4523972
1318,6084766
1319,4532958
1320,5728908
1321,4727566
1322,5727978
1323,3317574
1324,1427115
1325,5784439
1326,3234177
1327,2921607
1328,1322604
1329,3202951
1330,4732372
1331,3308405
1332,6003936
1333,1623337
1334,4589047
1335,3238928
1336,5911016
1337,5856553
1338,6028704
1339,1344517
1340,2186801
1341,3796721
1342,5087207
1343,6082442
1344,4611201
1345,3345534
1346,2140164
1347,4754582
1348,2268939
1349,3182655
1350,4612067
1351,2210885
1352,5825502
1353,3238357
1354,4032228
1355,5791954
1356,4552964
1357,4637127
1358,4124097
1359,2800309
1360,6033607
1361,5972449
1362,3203941
1363,5857878
1364,2490631
1365,2144342
1366,6035765
1367,3452009
1368,5526801
1369,2152320
1370,2382392
1371,5515360
1372,3439036
1373,4633425
1374,4130643
1375,4627312
1376,5823316
1377,4527455
1378,3443634
1379,4941468
1380,5212820
1381,2227497
1382,5761975
1383,5763248
1384,5880010
1385,4460969
1386,5987968
1387,1346979
1388,1883883
1389,1408077
1390,4563112
1391,5024070
1392,5899591
1393,4748539
1394,5409591
1395,5022197
1396,3324031
1397,2753711
1398,4510618
1399,1341674
1400,3518212
1401,3169816
1402,4150902
1403,4623523
1404,6109030
1405,2838162
1406,2334203
1407,2119362
1408,5963183
1409,4920794
1410,4470307
1411,6046016
1412,2958046
1413,1449207
1414,5326851
1415,3494257
1416,2229132
1417,3517101
1418,2229944
1419,4768390
1420,5960801
1421,3983511
1422,5815190
1423,2958459
1424,4630769
1425,5174121
1426,5727818
1427,4557823
1428,4588574
1429,4670956
1430,1385132
1431,6047836
1432,1406160
1433,5716274
1434,1325011
1435,4882511
1436,5969909
1437,3784877
1438,5874188
1439,1336739
1440,4188922
1441,3443275
1442,2188317
1443,3264284
1444,5524543
1445,1262514
1446,4643025
1447,4488241
1448,5774236
1449,2273137
1450,1428018
1451,3249080
1452,2706258
1453,4241467
1454,5068784
1455,1349465
1456,1529234
1457,5537955
1458,1387039
1459,3265325
1460,5784493
1461,5057819
1462,3243873
1463,5914688
1464,4443339
1465,4613083
1466,3229782
1467,5361281
1468,2141437
1469,5915276
1470,1552374
1471,5716274
1472,1421324
1473,6033975
1474,5791344
1475,3175820
1476,4699950
1477,2716495
1478,3490388
1479,3174683
1480,4111240
1481,5276913
1482,3176035
1483,3252266
1484,3487544
1485,2104879
1486,5378785
1487,2180028
1488,2035252
1489,3326328
1490,5488715
1491,4646089
1492,3227764
1493,3243320
1494,3550778
1495,3047684
1496,5104460
1497,5461418
1498,5824710
1499,5383120
1500,4535602
1501,2455178
1502,3262269
1503,2447643
1504,3175753
1505,1449113
1506,4543824
1507,3362917
1508,4674733
1509,5947331
1510,2174348
1511,4636545
1512,2293534
1513,2279588
1514,3374678
1515,2160819
1516,5967915
1517,1282965
1518,5990187
1519,3205466
1520,1264159
1521,5076118
1522,3365594
1523,1844027
1524,4557010
1525,5727901
1526,5745552
1527,2150228
1528,5589733
1529,2776136
1530,2117684
1531,4672960
1532,5243051
1533,4455962
1534,4554398
1535,3881669
1536,5724945
1537,3251466
1538,5468353
1539,3242388
1540,2557997
1541,4934540
1542,4523206
1543,3235534
1544,2580079
1545,4473045
1546,2340669
1547,5331867
1548,5851144
1549,4529654
1550,1424247
1551,4459801
1552,4683592
1553,5733984
1554,2160785
1555,4071530
1556,2395689
1557,6013884
1558,3395948
1559,4725319
1560,3381677
1561,4699950
1562,5316075
1563,5410511
1564,1816826
1565,5868390
1566,6029316
1567,3290918
1568,1277982
1569,1523922
1570,2101073
1571,6013334
1572,5134439
1573,5721728
1574,5287555
1575,4610503
1576,2296009
1577,2524762
1578,2002307
1579,4485554
1580,3181828
1581,3252133
1582,5748216
1583,5968740
1584,2270164
1585,1737166
1586,5724925
1587,5968866
1588,4206620
1589,5746686
1590,3256426
1591,3255661
1592,5967437
1593,1316383
1594,4449068
1595,3225910
1596,5950546
1597,3821143
1598,4491395
1599,6020876
1600,5765631
1601,3285899
1602,1254653
1603,4752122
1604,2156437
1605,2214760
1606,4624170
1607,5376037
1608,3511907
1609,5752901
1610,3462518
1611,1682613
1612,1278382
1613,2437150
1614,4996381
1615,5715568
1616,4456004
1617,5720512
1618,4291385
1619,5919702
1620,4470822
1621,2306737
1622,3212410
1623,1258643
1624,5987896
1625,1875939
1626,6093657
1627,1291778
1628,5547524
1629,2143989
1630,3270930
1631,5802629
1632,4816353
1633,2246373
1634,2426466
1635,5256222
1636,5350904
1637,5762075
1638,5526710
1639,5766437
1640,1432603
1641,4657246
1642,1454109
1643,2343010
1644,5869096
1645,3331302
1646,4597956
1647,4745042
1648,1439634
1649,5749752
1650,5836667
1651,5602676
1652,3218021
1653,2229745
1654,1303124
1655,5284807
1656,5018262
1657,4659589
1658,6093668
1659,4166122
1660,4721649
1661,2416004
1662,5900881
1663,5548204
1664,1398912
1665,5354591
1666,3241465
1667,5877979
1668,4563262
1669,5718862
1670,3302882
1671,5744978
1672,5994157
1673,4611501
1674,4814705
1675,1413709
1676,5911158
1677,4912071
1678,3517674
1679,5912259
1680,5517598
1681,1956448
1682,5925050
1683,4724845
1684,4898941
1685,4245093
1686,2301346
1687,1280596
1688,5725968
1689,3182698
1690,3327821
1691,5345442
1692,1883051
1693,5150671
1694,4898033
1695,4611401
1696,3270773
1697,4311848
1698,4812071
1699,5982867
1700,3269890
1701,3446892
1702,3257444
1703,1303145
1704,3451369
1705,4736377
1706,3244768
1707,3196947
1708,2995137
1709,4930606
1710,4552809
1711,3290618
1712,1654285
1713,5889854
1714,4621384
1715,4575670
1716,5797939
1717,5997340
1718,2120048
1719,5388524
1720,5842015
1721,2040438
1722,3182308
1723,3308226
1724,2032314
1725,5725320
1726,4441983
1727,1453301
1728,2699259
1729,2386257
1730,3437840
1731,5822150
1732,2100667
1733,5759265
1734,5848466
1735,1320448
1736,3521287
1737,4541708
1738,3214657
1739,4162260
1740,5410280
1741,5973410
1742,5993158
1743,5802398
1744,3366131
1745,4122234
1746,1523928
1747,3426860
1748,5390350
1749,5269591
1750,2714434
1751,2621603
1752,5786192
1753,5310500
1754,6048763
1755,5274158
1756,4666726
1757,4594084
1758,4544050
1759,2418432
1760,4461978
1761,1365589
1762,3212721
1763,3229440
1764,6043565
1765,6024096
1766,6077864
1767,5900946
1768,2189174
1769,4759902
1770,5060563
1771,6033607
1772,3285661
1773,5874101
1774,2956164
1775,5396325
1776,5744272
1777,5285559
1778,4549858
1779,2792152
1780,5748030
1781,4851312
1782,4280297
1783,2542304
1784,1363343
1785,3511913
1786,6072072
1787,1317726
1788,3246707
1789,6029630
1790,3174315
1791,2647022
1792,1772558
1793,1342843
1794,3218424
1795,4823169
1796,5991162
1797,1398872
1798,3821617
1799,3173835
1800,1379272
1801,1883638
1802,5008047
1803,3175811
1804,4633328
1805,2898669
1806,5845442
1807,5741377
1808,3075315
1809,2488370
1810,4267086
1811,5801164
1812,3515049
1813,5746586
1814,6005644
1815,3441651
1816,6028898
1817,6121384
1818,1282955
1819,1856330
1820,2294867
1821,4456916
1822,1273171
1823,5896787
1824,4559286
1825,4418339
1826,1350787
1827,2625024
1828,3227215
1829,2147308
1830,4176890
1831,5247618
1832,3503745
1833,3345755
1834,3238925
1835,4667424
1836,3511965
1837,5493096
1838,2434142
1839,5957877
1840,5293531
1841,6082368
1842,2528016
1843,4693334
1844,3275107
1845,2605578
1846,3446115
1847,4456513
1848,5501408
1849,2218313
1850,6103574
1851,4090754
1852,4594672
1853,5745629
1854,1811411
1855,2176113
1856,3325580
1857,5836753
1858,5544495
1859,2100675
1860,5387053
1861,5351984
1862,2455392
1863,4781630
1864,3333897
1865,3209343
1866,5810268
1867,5249122
1868,1320513
1869,1884920
1870,1756572
1871,5006814
1872,3325692
1873,5390532
1874,1884743
1875,3225081
1876,5942936
1877,3229588
1878,4206817
1879,2493961
1880,1435225
1881,5993568
1882,2301360
1883,5792940
1884,3397075
1885,2190705
1886,5943780
1887,5730851
1888,2227093
1889,4862763
1890,2553851
1891,4124265
1892,5716119
1893,2711829
1894,5727153
1895,3219802
1896,5342913
1897,4627234
1898,4594670
1899,5300414
1900,4851157
1901,1441798
1902,2770434
1903,3377459
1904,6015749
1905,5883122
1906,1307168
1907,1844901
1908,6003728
1909,4511288
1910,5865977
1911,3307756
1912,5976142
1913,5810293
1914,6019464
1915,4548965
1916,3041773
1917,4032103
1918,5826387
1919,4686406
1920,5984222
1921,3311402
1922,5868230
1923,2417483
1924,5496639
1925,5714968
1926,4693183
1927,4681362
1928,5369562
1929,2118621
1930,2176582
1931,3346064
1932,5878480
1933,4696227
1934,4719912
1935,5946561
1936,2458736
1937,2934257
1938,2522826
1939,2314599
1940,5293492
1941,6004043
1942,1518037
1943,2193218
1944,1432527
1945,3179326
1946,2358670
1947,2262524
1948,1562522
1949,4599627
1950,5943763
1951,4498185
1952,4826532
1953,3867213
1954,4574791
1955,2169733
1956,1317337
1957,5995958
1958,3721564
1959,6121384
1960,4503139
1961,5802945
1962,1780518
1963,3173358
1964,4577077
1965,5866457
1966,3238126
1967,2188495
1968,5801667
1969,3524988
1970,5008041
1971,5667660
1972,1407719
1973,5738718
1974,1635451
1975,3014379
1976,2238574
1977,4723237
1978,5519233
1979,1295380
1980,4904640
1981,5277169
1982,4664738
1983,3511807
1984,1254702
1985,4590206
1986,5272159
1987,3307207
1988,4736483
1989,5980921
1990,2550505
1991,3325650
1992,1883130
1993,3330261
1994,4563450
1995,3215797
1996,5967259
1997,4545724
1998,4493700
1999,5886713
2000,2474889
2001,1861450
2002,3492102
2003,1897106
2004,1412672
2005,1652911
2006,4941468
2007,2147687
2008,4570169
2009,4995320
2010,2107561
2011,5918462
2012,3479086
2013,3212498
2014,5733025
2015,2896907
2016,6031001
2017,2881322
2018,5992638
2019,3296252
2020,5983758
2021,4407799
2022,4732462
2023,3381669
2024,2100689
2025,1338392
2026,5842185
2027,1344679
2028,5887141
2029,4698720
2030,5974133
2031,5410614
2032,5735293
2033,3402817
2034,5912453
2035,1402113
2036,3829887
2037,2891712
2038,4712034
2039,3224651
2040,4554311
2041,5980528
2042,3203674
2043,5936151
2044,3197102
2045,4459262
2046,3260889
2047,5466519
2048,2437487
2049,3269828
2050,3084127
2051,5934428
2052,5381820
2053,5538122
2054,3236725
2055,6000917
2056,3513414
2057,1350061
2058,5269509
2059,4828150
2060,4485444
2061,2207597
2062,5969972
2063,3197511
2064,2300387
2065,4810815
2066,5891558
2067,2218137
2068,4657940
2069,5810344
2070,2178507
2071,5843158
2072,5757285
2073,4704655
2074,4971866
2075,5850690
2076,5301907
2077,1309655
2078,1275814
2079,4600518
2080,3377904
2081,2023038
2082,3441365
2083,5836648
2084,3284870
2085,5825502
2086,5947676
2087,3330188
2088,6013434
2089,3227393
2090,1347841
2091,4151644
2092,4825465
2093,6021698
2094,3284766
2095,2229520
2096,2472079
2097,5763608
2098,2774404
2099,3365326
2100,5948848
2101,1384571
2102,2273901
2103,4663920
2104,5525950
2105,5303077
2106,1480105
2107,2030246
2108,1323809
2109,6104009
2110,5982937
2111,5652203
2112,5274817
2113,4585962
2114,5239536
2115,3327872
2116,6005644
2117,4429763
2118,2665563
2119,5807950
2120,3260656
2121,5748146
2122,5896497
2123,5283252
2124,1519020
2125,4827947
2126,3215865
2127,1307936
2128,1598992
2129,4552016
2130,3175264
2131,5917540
2132,2315420
2133,4397379
2134,4485842
2135,3307096
2136,4644022
2137,5796947
2138,5985200
2139,3213647
2140,2275176
2141,4601014
2142,5469201
2143,4332229
2144,5842899
2145,4126330
2146,4898128
2147,4456004
2148,3329265
2149,6021831
2150,5890425
2151,5854632
2152,5265404
2153,3235994
2154,3167715
2155,5038338
2156,3211776
2157,2891295
2158,4906809
2159,2242429
2160,2296114
2161,5756176
2162,5301778
2163,3286928
2164,3237564
2165,5226806
2166,2227285
2167,6062572
2168,2546341
2169,4072316
2170,2647852
2171,3223213
2172,5905364
2173,4667219
2174,1336745
2175,4629109
2176,1278367
2177,3787922
2178,5904439
2179,5736691
2180,3174687
2181,2353824
2182,4430228
2183,2180439
2184,3267966
2185,5117749
2186,2711025
2187,4802186
2188,3378046
2189,2956030
2190,1884620
2191,5245513
2192,5428854
2193,3180727
2194,4574019
2195,5741069
2196,1524114
2197,5826439
2198,5982455
2199,5742617
2200,5200907
2201,2106416
2202,4659573
2203,4646366
2204,5100645
2205,4491786
2206,3047715
2207,4493354
2208,3221414
2209,2602492
2210,4794363
2211,3173454
2212,6103674
2213,4889719
2214,4626875
2215,1685415
2216,2248180
2217,1283808
2218,4477009
2219,1924273
2220,2157618
2221,5051345
2222,5745671
2223,4732538
2224,4578158
2225,1748308
2226,1265378
2227,5996859
2228,5747972
2229,4920984
2230,1313306
2231,3292735
2232,1593216
2233,5186583
2234,3824178
2235,4977544
2236,4785623
2237,4200858
2238,5430383
2239,3102009
2240,4488456
2241,5277853
2242,3222537
2243,5994064
2244,1296836
2245,4823169
2246,3230140
2247,5890515
2248,3447393
2249,1299471
2250,3173819
2251,3279728
2252,3170750
2253,2385105
2254,2105216
2255,5229776
2256,3370005
2257,3016711
2258,2344206
2259,2037808
2260,3048325
2261,4483936
2262,4588120
2263,4646122
2264,5339714
2265,3228810
2266,5303614
2267,5582572
2268,2605037
2269,3248795
2270,4696426
2271,5938893
2272,1271077
2273,5891558
2274,5792370
2275,5261121
2276,5924540
2277,5379400
2278,3333868
2279,2130140
2280,1524010
2281,3442026
2282,5727340
2283,1316762
2284,2293814
2285,5809599
2286,3511067
2287,1426516
2288,5723438
2289,1323105
2290,5804782
2291,2889912
2292,2291325
2293,2708763
2294,5830754
2295,1413703
2296,2578639
2297,3310335
2298,2715612
2299,3378219
2300,5190088
2301,5215461
2302,3341785
2303,1858238
2304,6025946
2305,3487027
2306,3866821
2307,5457419
2308,2428311
2309,4664951
2310,3196920
2311,5073369
2312,4827952
2313,5247215
2314,5499314
2315,6078770
2316,5399463
2317,4686477
2318,6140225
2319,5906275
2320,5950107
2321,3272353
2322,5743203
2323,4485842
2324,1384459
2325,3377638
2326,2612694
2327,4908340
2328,5243518
2329,5849672
2330,4543824
2331,4604645
2332,4611502
2333,3312996
2334,1303407
2335,3523008
2336,2227325
2337,1991822
2338,2404635
2339,3274574
2340,3012890
2341,5901721
2342,5966090
2343,1318965
2344,5307408
2345,5856889
2346,5870765
2347,2922503
2348,4551534
2349,3287923
2350,5803860
2351,1282254
2352,2229018
2353,1330281
2354,3479735
2355,2322018
2356,5868660
2357,5229371
2358,4200111
2359,5216879
2360,6163968
2361,5988011
2362,3274822
2363,3216449
2364,3345370
2365,5932097
2366,4897607
2367,2256814
2368,5678133
2369,3400754
2370,5300618
2371,3211959
2372,3788033
2373,5798665
2374,5219992
2375,2495105
2376,3473574
2377,5761234
2378,4456914
2379,4463337
2380,3821704
2381,3244450
2382,4646366
2383,2363607
2384,4854692
2385,5762111
2386,5896497
2387,2629119
2388,5797095
2389,1283802
2390,5837592
2391,6062917
2392,4460393
2393,5802945
2394,4459253
2395,5356922
2396,5920340
2397,2406759
2398,4569705
2399,5911378
2400,1409414
2401,1351246
2402,5401289
2403,2748693
2404,2123538
2405,5903623
2406,5402474
2407,5204472
2408,4633948
2409,2800723
2410,4689131
2411,3216521
2412,3444314
2413,3328996
2414,1278385
2415,4295841
2416,2699381
2417,3694635
2418,5970369
2419,1524117
2420,4980874
2421,2381170
2422,1798721
2423,6064859
2424,6150345
2425,6033393
2426,3453236
2427,5335436
2428,2714120
2429,3771802
2430,1379419
2431,5877348
2432,4496279
2433,4548125
2434,4601884
2435,5723991
2436,1583501
2437,3456384
2438,2771445
2439,3307756
2440,1310634
2441,4233044
2442,5800230
2443,2130157
2444,5789884
2445,2433008
2446,5819564
2447,6118119
2448,1681889
2449,3080570
2450,4750068
2451,4849502
2452,5822188
2453,5721545
2454,5943946
2455,4639609
2456,5923652
2457,5302602
2458,5471007
2459,2843245
2460,1338310
2461,1343368
2462,2118613
2463,5746431
2464,3316355
2465,3444759
2466,2933042
2467,5977957
2468,6022004
2469,5785750
2470,3205426
2471,5851674
2472,2311303
2473,1366440
2474,4551436
2475,5186639
2476,6088544
2477,3173417
2478,3203633
2479,6115847
2480,5847180
2481,3261154
2482,1363026
2483,3271417
2484,3174267
2485,4563120
2486,1291869
2487,5773768
2488,4975153
2489,2527815
2490,4899163
2491,5912453
2492,2248702
2493,6103879
2494,4697693
2495,4999868
2496,5274341
2497,4399272
2498,3244813
2499,2184278
2500,5327954
2501,1858718
2502,4640791
2503,5300618
2504,5957205
2505,4559357
2506,5791454
2507,5970403
2508,4206665
2509,5360545
2510,3516015
2511,5352119
2512,2238788
2513,4939612
2514,3255040
2515,1760207
2516,2116003
2517,5177846
2518,2353580
2519,3230602
2520,1427818
2521,2157691
2522,3515787
2523,2031223
2524,4940326
2525,4154203
2526,3274622
2527,5957125
2528,5262071
2529,1425444
2530,6045172
2531,3175633
2532,5773336
2533,5523429
2534,3020924
2535,5730185
2536,3438373
2537,5398030
2538,4768961
2539,2508947
2540,5987760
2541,2341007
2542,1308440
2543,5395309
2544,2857557
2545,2838472
2546,3374757
2547,4747677
2548,1932784
2549,4703206
2550,2362627
2551,1942546
2552,5877266
2553,4618649
2554,3249451
2555,3290752
2556,3781816
2557,5151935
2558,1317211
2559,5873306
2560,2212176
2561,3042911
2562,2249947
2563,3307756
2564,4557530
2565,1739901
2566,3286683
2567,4922807
2568,5414815
2569,5426648
2570,5873961
2571,5812596
2572,2342260
2573,4772689
2574,1344689
2575,3203909
2576,1413522
2577,4134667
2578,3271918
2579,4730124
2580,3201829
2581,4499549
2582,5784307
2583,3255219
2584,2310704
2585,5857221
2586,3474656
2587,4725361
2588,4686009
2589,3285707
2590,5375113
2591,5451098
2592,5339292
2593,4908833
2594,5819494
2595,4162055
2596,4908243
2597,4828150
2598,2385123
2599,1356906
2600,2276927
2601,2247075
2602,4295446
2603,2247387
2604,4608126
2605,3493080
2606,3516692
2607,3254574
2608,4607802
2609,2972277
2610,5887246
2611,1413523
2612,4755023
2613,5843261
2614,2956671
2615,5791227
2616,3152342
2617,5359316
2618,4627219
2619,5438782
2620,3243498
2621,5721001
2622,1796620
2623,2058949
2624,4725559
2625,5229620
2626,2296072
2627,4632701
2628,5885146
2629,3397716
2630,1893961
2631,1899929
2632,3287028
2633,2433456
2634,6010821
2635,4494429
2636,5970516
2637,5724884
2638,1368043
2639,4886984
2640,2810735
2641,4549966
2642,2901025
2643,2337046
2644,4841559
2645,5735435
2646,5904058
2647,3279789
2648,4473740
2649,1254648
2650,3291918
2651,5946780
2652,2674614
2653,2150623
2654,3425298
2655,5289430
2656,5775665
2657,5911626
2658,3334238
2659,1416129
2660,5589902
2661,2032250
2662,3416146
2663,4612032
2664,5575795
2665,3416922
2666,4600419
2667,2228765
2668,4443339
2669,6194592
2670,2321249
2671,5927826
2672,1728832
2673,5323024
2674,5803860
2675,6031001
2676,4879314
2677,3244006
2678,3242730
2679,6072627
2680,1291064
2681,5245209
2682,4555441
2683,1398853
2684,1424376
2685,1356049
2686,3238169
2687,2687183
2688,4782887
2689,2510517
2690,6076217
2691,5798814
2692,5932886
2693,3489789
2694,5214285
2695,2191678
2696,5101717
2697,5265750
2698,5815190
2699,2118867
2700,3124708
2701,6020876
2702,6077665
2703,5496639
2704,2475526
2705,6021698
2706,2194458
2707,3257122
2708,5728122
2709,3226441
2710,6123059
2711,5899293
2712,4632853
2713,5762260
2714,1338553
2715,5856735
2716,3164257
2717,3261439
2718,4540690
2719,5725207
2720,3263409
2721,1894020
2722,4644394
2723,4488260
2724,4887172
2725,3244272
2726,5239651
2727,5447245
2728,3330869
2729,4689125
2730,3380629
2731,2910526
2732,1456013
2733,4397678
2734,5936412
2735,3227670
2736,6034249
2737,1314608
2738,5983730
2739,5243018
2740,4616697
2741,4461770
2742,1331335
2743,4160673
2744,4140359
2745,5338650
2746,1292249
2747,1380318
2748,3255148
2749,4798104
2750,6082119
2751,3171880
2752,5331800
2753,5861358
2754,2770619
2755,5725046
2756,4718497
2757,4696506
2758,5418689
2759,5356651
2760,3363654
2761,3218056
2762,3485750
2763,4491607
2764,5945089
2765,5841423
2766,4550817
2767,6048406
2768,5094055
2769,3270283
2770,4443080
2771,1266499
2772,5398722
2773,2312024
2774,3163950
2775,5051345
2776,1404786
2777,3341059
2778,4551769
2779,1384632
2780,3242393
2781,5836753
2782,1536230
2783,4626689
2784,3222956
2785,3202869
2786,5851674
2787,2183456
2788,5405883
2789,3234012
2790,5928027
2791,5983065
2792,3203464
2793,5800683
2794,6115670
2795,3551844
2796,3476251
2797,6115670
2798,2323900
2799,5949735
2800,5900902
2801,5802251
2802,4502047
2803,1638683
2804,1894454
2805,3440519
2806,2359126
2807,5784493
2808,3439606
2809,1652814
2810,3203695
2811,3447373
2812,2141533
2813,2553602
2814,2160773
2815,5835978
2816,2362323
2817,1292089
2818,3249358
2819,4699349
2820,2459948
2821,2278361
2822,1344699
2823,3275253
2824,5469817
2825,5909667
2826,5536957
2827,5332770
2828,3780715
2829,5787528
2830,2311616
2831,3215950
2832,4889046
2833,4553750
2834,4672194
2835,1583805
2836,1254711
2837,2301809
2838,5724860
2839,1285069
2840,5773544
2841,2678464
2842,5320183
2843,6027913
2844,5842274
2845,5525950
2846,3208819
2847,3233509
2848,1727536
2849,1383442
2850,3167527
2851,5978146
2852,2161523
2853,4491843
2854,2857912
2855,2495621
2856,5343587
2857,5728212
2858,1896729
2859,5398797
2860,5821737
2861,1384608
2862,3200435
2863,1369045
2864,5909033
2865,1408199
2866,5913816
2867,3183086
2868,3295568
2869,1365670
2870,5811611
2871,4612150
2872,2322312
2873,5770009
2874,1738890
2875,1664448
2876,5714663
2877,5725656
2878,4651038
2879,5328224
2880,4161441
2881,1292616
2882,5512769
2883,5344035
2884,3334189
2885,5872661
2886,6053793
2887,4208405
2888,5802398
2889,2383625
2890,4609865
2891,5725205
2892,2955561
2893,5631743
2894,2430826
2895,4663447
2896,4510640
2897,3482267
2898,5930372
2899,2897679
2900,3203699
2901,6083693
2902,6036531
2903,3499420
2904,2127642
2905,3183140
2906,1407724
2907,4433266
2908,2351141
2909,5844269
2910,3461319
2911,6186237
2912,4454198
2913,4919569
2914,3228503
2915,2595568
2916,5615160
2917,3080749
2918,5771616
2919,5977485
2920,4657303
2921,6005646
2922,4473535
2923,1861461
2924,1652708
2925,2267429
2926,3486497
2927,1352525
2928,4587568
2929,5034874
2930,4559621
2931,5466343
2932,4757234
2933,5760781
2934,3324752
2935,2954930
2936,4541967
2937,2494605
2938,4712670
2939,1262619
2940,6020138
2941,3369740
2942,5283084
2943,1728743
2944,4162839
2945,5904834
2946,5822954
2947,4293988
2948,2180714
2949,2178529
2950,6045414
2951,5746526
2952,2376276
2953,5974618
2954,1343019
2955,4605282
2956,4976220
2957,5805324
2958,4525220
2959,3440951
2960,1404759
2961,5721004
2962,5715108
2963,4188047
2964,1703413
2965,2160829
2966,4180362
2967,2384433
2968,1728637
2969,2921895
2970,1536208
2971,5854807
2972,4551795
2973,4678240
2974,3055329
2975,3272542
2976,2217949
2977,4273248
2978,5381620
2979,3516685
2980,1800428
2981,2224749
2982,3332209
2983,1383799
2984,4563326
2985,2102658
2986,1301573
2987,6120111
2988,5983042
2989,4682345
2990,5911560
2991,1857114
2992,1915940
2993,3164906
2994,4584043
2995,4672145
2996,5747556
2997,1459627
2998,5444647
2999,4267041
3000,2676203
3001,4573063
3002,5931728
3003,5845153
3004,5278203
3005,3286742
3006,3291208
3007,3264619
3008,3378126
3009,4606435
3010,3512849
3011,1341142
3012,3202966
3013,4604237
3014,4542388
3015,3199046
3016,2292893
3017,2920503
3018,5874032
3019,3344088
3020,1597494
3021,3225754
3022,3227388
3023,3241043
3024,5084768
3025,5987698
3026,5896866
3027,5051423
3028,3802897
3029,4616413
3030,4937363
3031,6037195
3032,3435795
3033,4622406
3034,3240774
3035,5769496
3036,5793082
3037,4546051
3038,1946401
3039,4563019
3040,3381664
3041,1883464
3042,5967440
3043,1283078
3044,2268604
3045,5849672
3046,3241161
3047,2336218
3048,5813003
3049,2667631
3050,4627312
3051,4535674
3052,5847112
3053,2772787
3054,4809717
3055,5741284
3056,3870973
3057,6094936
3058,4160760
3059,4810805
3060,4621850
3061,5984475
3062,4711025
3063,3226544
3064,5818021
3065,3274746
3066,4598041
3067,2784715
3068,2989046
3069,4155335
3070,5947676
3071,5068600
3072,4676353
3073,3890015
3074,2102673
3075,4683557
3076,4705577
3077,5553729
3078,6051838
3079,4434309
3080,5786207
3081,4611654
3082,2359420
3083,1307188
3084,3256653
3085,6032614
3086,2447458
3087,3346226
3088,5906955
3089,4621198
3090,5365350
3091,1868005
3092,5262051
3093,5091385
3094,3203747
3095,5860484
3096,3337094
3097,2475185
3098,3203891
3099,5306873
3100,5760836
3101,5186158
3102,3203946
3103,5553729
3104,4765110
3105,6016640
3106,1306168
3107,1353461
3108,4457607
3109,1800630
3110,3361088
3111,3369085
3112,5933338
3113,5956488
3114,5988390
3115,5874874
3116,3378033
3117,1313344
3118,3024579
3119,4537058
3120,5900799
3121,5972579
3122,4529773
3123,1663773
3124,2189225
3125,1363930
3126,6042404
3127,5372205
3128,3214649
3129,4486653
3130,5850231
3131,1403549
3132,4457790
3133,3302020
3134,6024096
3135,4820064
3136,3274767
3137,5973410
3138,4473693
3139,4624616
3140,4611591
3141,4594271
3142,3233201
3143,4843721
3144,5887711
3145,5354885
3146,1352590
3147,2269477
3148,4503512
3149,2344048
3150,5721704
3151,5474499
3152,3264356
3153,5806728
3154,2455229
3155,4454346
3156,3269939
3157,4541807
3158,6005354
3159,5597968
3160,5375107
3161,3026805
3162,3461858
3163,4551722
3164,4611301
3165,4604710
3166,5402825
3167,3214263
3168,1366433
3169,4902968
3170,1740548
3171,4457305
3172,1282047
3173,4885618
3174,6043840
3175,5982051
3176,5787524
3177,3172229
3178,2178831
3179,4398983
3180,3405541
3181,1320632
3182,5902263
3183,5904439
3184,5973454
3185,5746966
3186,5666355
3187,3487117
3188,6019410
3189,4133396
3190,5812810
3191,4486653
3192,4537872
3193,5785193
3194,5869935
3195,3493712
3196,5738709
3197,3271163
3198,5803875
3199,2348102
3200,3474597
3201,1304147
3202,3365646
3203,3215480
3204,4483936
3205,3212512
3206,4495137
3207,4465301
3208,1391420
3209,2759203
3210,2086761
3211,1264164
3212,2435602
3213,6082119
3214,5993260
3215,2182796
3216,3270057
3217,5393501
3218,4117006
3219,3213703
3220,3221397
3221,2706245
3222,3495691
3223,3167351
3224,5316291
3225,4738748
3226,5388541
3227,2582586
3228,4456071
3229,4765110
3230,4627234
3231,1403103
3232,5904086
3233,2347511
3234,3492045
3235,4877477
3236,5752354
3237,4720874
3238,6026211
3239,4151298
3240,1998404
3241,4810273
3242,5807104
3243,5767104
3244,5984664
3245,5811885
3246,4676943
3247,5991967
3248,1341520
3249,2490868
3250,3039325
3251,2941630
3252,5933945
3253,4532912
3254,6033456
3255,4162816
3256,4826506
3257,1398846
3258,4605345
3259,2507861
3260,3214608
3261,4165105
3262,3287178
3263,3213199
3264,4495079
3265,2107549
3266,2116623
3267,2292470
3268,5956002
3269,2808482
3270,3451136
3271,3459956
3272,4501471
3273,2193657
3274,3477618
3275,4562680
3276,1341588
3277,1398936
3278,1365655
3279,2102924
3280,4667935
3281,4654745
3282,4493715
3283,2311364
3284,4130988
3285,4556273
3286,1340834
3287,5247845
3288,3492677
3289,4492862
3290,4851591
3291,3308239
3292,5747918
3293,3511011
3294,4827222
3295,6022625
3296,5920152
3297,4222454
3298,3273845
3299,6070022
3300,5801667
3301,3245020
3302,5599278
3303,2170859
3304,2344039
3305,1352391
3306,5854807
3307,1282042
3308,5900156
3309,5110807
3310,3378001
3311,3241934
3312,6004022
3313,5893236
3314,1317738
3315,3084417
3316,5967219
3317,2281034
3318,2282371
3319,5987859
3320,1636895
3321,3215091
3322,2888736
3323,2015240
3324,5960147
3325,2147007
3326,2325974
3327,5784375
3328,2478395
3329,5221007
3330,2034050
3331,4546714
3332,5261849
3333,2082174
3334,3025653
3335,5316287
3336,4533833
3337,1386821
3338,3229895
3339,1919922
3340,6042302
3341,5101775
3342,5569576
3343,5745253
3344,3495630
3345,2356305
3346,2615229
3347,4458973
3348,5858206
3349,4611606
3350,1423350
3351,2144418
3352,5597549
3353,6096321
3354,3292058
3355,2297100
3356,6007535
3357,5992092
3358,4868391
3359,5405983
3360,4671537
3361,5956658
3362,2206949
3363,4431598
3364,3165303
3365,5165334
3366,1574518
3367,5674423
3368,5195759
3369,6146710
3370,4161176
3371,4682285
3372,5744635
3373,4854643
3374,5997247
3375,2395131
3376,4776703
3377,3274894
3378,4868391
3379,2141602
3380,5815772
3381,5762783
3382,3201230
3383,3257575
3384,4657262
3385,3180303
3386,1286273
3387,3251558
3388,3182996
3389,5974133
3390,5978509
3391,2267350
3392,5784189
3393,5327884
3394,2156825
3395,2594484
3396,3164360
3397,5763172
3398,2273588
3399,5741432
3400,2833588
3401,3235554
3402,3242868
3403,2582176
3404,5078547
3405,1265443
3406,2560213
3407,3478738
3408,3266259
3409,2478362
3410,4124636
3411,5911378
3412,1323106
3413,2155981
3414,1686242
3415,3278801
3416,4520762
3417,4999409
3418,5743392
3419,1416158
3420,5985400
3421,3511636
3422,3239852
3423,2193522
3424,5068356
3425,4488408
3426,3229553
3427,2030839
3428,2217559
3429,1342001
3430,6087584
3431,5966209
3432,5278009
3433,2548155
3434,3226397
3435,5323235
3436,5827098
3437,3200511
3438,5805411
3439,5361280
3440,4594539
3441,2159111
3442,5901721
3443,3182031
3444,4605620
3445,1379377
3446,1893945
3447,3005796
3448,4956294
3449,2272740
3450,2646847
3451,5991775
3452,6026451
3453,5905027
3454,2720379
3455,1607329
3456,1952773
3457,4098186
3458,4533866
3459,1323137
3460,2108942
3461,6163258
3462,1861219
3463,5468025
3464,2156697
3465,5961705
3466,3270133
3467,3454793
3468,3307485
3469,2210692
3470,1857997
3471,2384233
3472,1714256
3473,2975986
3474,6027807
3475,4319797
3476,2711118
3477,5286496
3478,4724060
3479,4851383
3480,4298514
3481,3257761
3482,1429799
3483,2913227
3484,3382201
3485,3212396
3486,2588054
3487,5797382
3488,5278009
3489,1305695
3490,4510214
3491,3274013
3492,3229769
3493,1523131
3494,1428031
3495,5960930
3496,5895235
3497,5784439
3498,5733004
3499,6018718
3500,4729823
3501,3377353
3502,2107554
3503,5806021
3504,3023371
3505,2184465
3506,3202792
3507,3234529
3508,3275012
3509,3204019
3510,3292973
3511,4648557
3512,4454811
3513,4655257
3514,2527603
3515,2229667
3516,1313303
3517,4442038
3518,5804900
3519,5187540
3520,1322577
3521,1459995
3522,1327204
3523,5802253
3524,3267590
3525,5912426
3526,4442020
3527,3274841
3528,6075518
3529,1435617
3530,4724211
3531,3241867
3532,5985137
3533,3274642
3534,1810792
3535,5729201
3536,5090943
3537,5746929
3538,1598755
3539,4411148
3540,2130337
3541,3232875
3542,4668693
3543,5409110
3544,4549815
3545,1291771
3546,1326301
3547,5258266
3548,5823438
3549,3252317
3550,4755480
3551,2011020
3552,2188141
3553,5969972
3554,5819544
3555,2161328
3556,4624103
3557,1384584
3558,2291435
3559,4563061
3560,1758829
3561,4627278
3562,1721531
3563,5971852
3564,4698971
3565,1966065
3566,4095775
3567,3348842
3568,5879368
3569,6163914
3570,3780872
3571,1326168
3572,3460945
3573,3449115
3574,5754657
3575,5360545
3576,5912686
3577,4741674
3578,4667488
3579,1325996
3580,4726349
3581,3327003
3582,5715345
3583,3088357
3584,2776327
3585,5519202
3586,2294963
3587,5967546
3588,4545957
3589,4553957
3590,5355053
3591,3289219
3592,4474050
3593,4427073
3594,5747207
3595,5339892
3596,5597637
3597,3228624
3598,5537974
3599,2278781
3600,3516370
3601,3164302
3602,5444407
3603,5942842
3604,3182694
3605,5113232
3606,5842173
3607,5802510
3608,1454129
3609,2553388
3610,3331818
3611,6006898
3612,4726336
3613,4644742
3614,5801854
3615,5855340
3616,6151151
3617,5381677
3618,5277202
3619,3402408
3620,1350984
3621,4613411
3622,5867507
3623,5715510
3624,3174671
3625,3404173
3626,2161725
3627,5991732
3628,4721808
3629,4579279
3630,2149459
3631,1304509
3632,3257044
3633,3367602
3634,5245985
3635,3411351
3636,1732962
3637,4423400
3638,2275421
3639,2238376
3640,3375738
3641,3324031
3642,4552535
3643,2248471
3644,2434093
3645,5357918
3646,2169942
3647,2002439
3648,1653024
3649,1307318
3650,2220209
3651,1459526
3652,3475324
3653,1392700
3654,2140646
3655,5902254
3656,4531762
3657,5457984
3658,4813251
3659,2813070
3660,1809773
3661,6012458
3662,3488706
3663,5912686
3664,5782545
3665,4485633
3666,2105329
3667,1867084
3668,4726674
3669,3232734
3670,5263928
3671,5256899
3672,2338804
3673,5175298
3674,4825998
3675,2279429
3676,5754754
3677,3196653
3678,4689647
3679,5361602
3680,5728296
3681,4587643
3682,4715634
3683,2130584
3684,5997732
3685,3363194
3686,5716203
3687,4886233
3688,2218858
3689,5899477
3690,5254273
3691,1366516
3692,3866331
3693,3228920
3694,5773586
3695,3224976
3696,5066342
3697,3087958
3698,3245090
3699,2757493
3700,4757234
3701,2247025
3702,6116296
3703,4663357
3704,3422628
3705,6018396
3706,5186923
3707,5990394
3708,5767364
3709,2920601
3710,5426675
3711,5766555
3712,4563159
3713,1323368
3714,4465517
3715,4912058
3716,4203910
3717,2356149
3718,6024008
3719,5926198
3720,5974221
3721,5800489
3722,5867853
3723,1344805
3724,1259553
3725,3983080
3726,4645382
3727,1301495
3728,2820875
3729,2939390
3730,1894136
3731,1282716
3732,3271420
3733,4463195
3734,5747326
3735,2146529
3736,3175725
3737,5751982
3738,3386886
3739,6004046
3740,3443501
3741,5951232
3742,5740460
3743,2248944
3744,4988217
3745,4619225
3746,2728640
3747,2192013
3748,4730107
3749,1317324
3750,5943946
3751,1406197
3752,3445015
3753,6081709
3754,3272253
3755,2800979
3756,3423229
3757,4685089
3758,4488186
3759,4222280
3760,1438101
3761,2119182
3762,3088043
3763,4222954
3764,6021605
3765,3417114
3766,2758362
3767,2849647
3768,5739755
3769,4630905
3770,2582334
3771,2296877
3772,3256377
3773,5682048
3774,3376647
3775,5416481
3776,5734674
3777,2100687
3778,3228447
3779,6015241
3780,6096321
3781,5734592
3782,5822800
3783,6024844
3784,3438053
3785,3876931
3786,5836442
3787,2391101
3788,3172292
3789,5985137
3790,4461916
3791,3230110
3792,4669190
3793,2859826
3794,1292549
3795,2129567
3796,3222240
3797,3229512
3798,3199400
3799,5817426
3800,6105240
3801,4098804
3802,5995242
3803,6139753
3804,5049024
3805,5874702
3806,2688103
3807,4563241
3808,4553913
3809,4711753
3810,5714842
3811,5967915
3812,1281308
3813,1521699
3814,4756084
3815,5821920
3816,4718639
3817,5728133
3818,3307743
3819,2004336
3820,5373572
3821,5282675
3822,5165334
3823,1858429
3824,3374756
3825,3403740
3826,2494264
3827,3251186
3828,5341821
3829,4676665
3830,2435422
3831,3346993
3832,5822394
3833,2217431
3834,2270133
3835,2274328
3836,3251666
3837,4984410
3838,3328477
3839,3442117
3840,3478427
3841,4747677
3842,3273906
3843,3515891
3844,4266968
3845,5740890
3846,2744528
3847,3269615
3848,2843319
3849,5238829
3850,2617333
3851,1273707
3852,1667634
3853,4167047
3854,5836997
3855,2878069
3856,5401178
3857,3484221
3858,5446212
3859,6014010
3860,1667614
3861,4883476
3862,5239536
3863,4621785
3864,3360717
3865,3441737
3866,4485437
3867,4512132
3868,2242105
3869,2989057
3870,1599557
3871,3273280
3872,1428926
3873,2122048
3874,1425584
3875,3233733
3876,3386895
3877,5720618
3878,4630469
3879,5954046
3880,4533136
3881,1366430
3882,1262409
3883,5262945
3884,2562822
3885,3432244
3886,2033305
3887,3524287
3888,3291501
3889,1395403
3890,5951572
3891,4785902
3892,5929267
3893,2596047
3894,5294745
3895,5849869
3896,2545045
3897,6070210
3898,5739755
3899,3462329
3900,5848888
3901,2605883
3902,4715820
3903,4055990
3904,5741970
3905,2159996
3906,5865605
3907,2437219
3908,5773535
3909,2808132
3910,3214673
3911,3425555
3912,5873410
3913,4251029
3914,4562727
3915,2819936
3916,5064959
3917,2246041
3918,4624118
3919,3773996
3920,3435188
3921,4810310
3922,1403735
3923,5902540
3924,5618027
3925,4867519
3926,5736729
3927,5967233
3928,2188487
3929,5902617
3930,1349265
3931,5762119
3932,4927667
3933,3170995
3934,4650902
3935,5836994
3936,1883112
3937,2599257
3938,4494146
3939,4564217
3940,4461821
3941,4659212
3942,6026969
3943,4907807
3944,3383282
3945,5823013
3946,5809231
3947,3055254
3948,1384572
3949,3175704
3950,5814188
3951,5752967
3952,6006965
3953,3202401
3954,5212465
3955,6005929
3956,3484064
3957,1271720
3958,5391713
3959,3414342
3960,3961084
3961,5788684
3962,2255759
3963,4745484
3964,5338650
3965,2363797
3966,4588012
3967,3245105
3968,5967027
3969,4630037
3970,4611545
3971,3865292
3972,2180102
3973,4775539
3974,6076744
3975,4529133
3976,4473194
3977,1282059
3978,5935330
3979,5745821
3980,5059489
3981,4822609
3982,1657527
3983,5331846
3984,3254851
3985,5809581
3986,1416419
3987,4097055
3988,4854833
3989,1883468
3990,5880010
3991,4611354
3992,3874835
3993,5357774
3994,6032497
3995,5297037
3996,5996381
3997,5483921
3998,2341934
3999,5883753
4000,5136511
4001,4218301
4002,3362591
4003,2861180
4004,5909610
4005,2294658
4006,3398049
4007,3401568
4008,4718302
4009,3340543
4010,4523996
4011,2716477
4012,1254652
4013,1429389
4014,2947283
4015,5743557
4016,3514218
4017,5765483
4018,2749894
4019,4161136
4020,5302034
4021,3473525
4022,1670003
4023,5748236
4024,3333794
4025,4528984
4026,5679130
4027,2245694
4028,1369211
4029,2245493
4030,4756800
4031,4150083
4032,5836945
4033,1681898
4034,1966154
4035,2957941
4036,2238648
4037,1743631
4038,2242146
4039,3216556
4040,5800185
4041,5316490
4042,5857303
4043,2664836
4044,3243541
4045,1924825
4046,5329712
4047,2947180
4048,2379633
4049,5194446
4050,4436970
4051,5812672
4052,5327904
4053,4845752
4054,4611409
4055,4459524
4056,2188892
4057,4888090
4058,4806376
4059,4563204
4060,2211211
4061,1406129
4062,4520762
4063,5088970
4064,5856973
4065,5197037
4066,1304886
4067,4088950
4068,5735203
4069,5812201
4070,1442504
4071,5846542
4072,2301802
4073,2337040
4074,2347453
4075,1801536
4076,5047743
4077,3788170
4078,1344515
4079,1583801
4080,4700001
4081,2605666
4082,5811872
4083,4669956
4084,5376824
4085,2035059
4086,5428680
4087,4433718
4088,4534515
4089,3425632
4090,5745713
4091,4779195
4092,5456196
4093,3481058
4094,2108922
4095,5003347
4096,1998617
4097,2774502
4098,1535933
4099,5501145
4100,3328228
4101,4879238
4102,4611302
4103,4562491
4104,4611945
4105,1346030
4106,3175187
4107,4718469
4108,4440545
4109,5389352
4110,1402255
4111,5885146
4112,1517922
4113,3078911
4114,3088868
4115,1416161
4116,1409753
4117,4695712
4118,5957992
4119,3173346
4120,3333671
4121,4610781
4122,1320688
4123,3405528
4124,2873249
4125,5052471
4126,4491723
4127,5035042
4128,4911711
4129,3019897
4130,5855340
4131,5718960
4132,2554405
4133,5758073
4134,3181786
4135,5981203
4136,5025903
4137,5190488
4138,5517885
4139,4457221
4140,4883837
4141,3278299
4142,2393321
4143,3266077
4144,3230409
4145,1326438
4146,4545447
4147,3377257
4148,5744938
4149,5787321
4150,1736973
4151,5948929
4152,3244467
4153,2509297
4154,2180737
4155,3270825
4156,4218747
4157,4488354
4158,5402895
4159,4681231
4160,3384703
4161,3863828
4162,5963506
4163,4483687
4164,4563141
4165,3216240
4166,6088544
4167,2345480
4168,2211641
4169,2297136
4170,5783109
4171,3447837
4172,1325791
4173,5852411
4174,5326625
4175,5939593
4176,5858514
4177,5792537
4178,5992831
4179,2254870
4180,5249117
4181,2438017
4182,4686406
4183,4518076
4184,4654974
4185,5287908
4186,2775101
4187,1384568
4188,5051710
4189,6149219
4190,3214563
4191,5875699
4192,1883621
4193,5953665
4194,6048406
4195,4759902
4196,5940481
4197,1406182
4198,5784502
4199,4441504
4200,3241819
4201,5874101
4202,4679380
4203,5290522
4204,4806376
4205,1263348
4206,5734575
4207,3272441
4208,1278437
4209,4436970
4210,4564230
4211,2896617
4212,3784737
4213,5448572
4214,4612108
4215,4756743
4216,4207479
4217,5328401
4218,4549812
4219,2225134
4220,3274361
4221,2385276
4222,4442727
4223,5961063
4224,4627838
4225,1345235
4226,5104460
4227,5878542
4228,3251938
4229,2442393
4230,4495728
4231,4671170
4232,5449846
4233,4431598
4234,5233539
4235,3446143
4236,5293386
4237,5420016
4238,6153735
4239,4454808
4240,2516342
4241,2141045
4242,6021315
4243,3474073
4244,3305483
4245,6118711
4246,2249103
4247,5742732
4248,5735435
4249,1810959
4250,5673669
4251,3202965
4252,5766608
4253,2444006
4254,5245514
4255,4724970
4256,3370513
4257,5363893
4258,4606137
4259,4183121
4260,5933575
4261,2434612
4262,4590508
4263,6069681
4264,3154006
4265,5383144
4266,5725235
4267,3359465
4268,1653865
4269,5966931
4270,1369217
4271,2679362
4272,5820219
4273,1355737
4274,4838450
4275,6092282
4276,4546230
4277,1384614
4278,2809950
4279,1351615
4280,5093985
4281,5936970
4282,3888163
4283,3197877
4284,1558418
4285,2616692
4286,2160862
4287,2697825
4288,2054762
4289,4704695
4290,2301889
4291,4868372
4292,2605041
4293,5791234
4294,4462128
4295,3227951
4296,4970871
4297,5986495
4298,3255303
4299,2100690
4300,2238461
4301,3387395
4302,6017617
4303,1368117
4304,5869974
4305,3311467
4306,4659216
4307,3319347
4308,5800185
4309,5437671
4310,5377063
4311,5970711
4312,3202441
4313,4938762
4314,5994259
4315,1426366
4316,2693236
4317,3252245
4318,5715832
4319,4650249
4320,4204336
4321,3254587
4322,5339538
4323,3288280
4324,3172490
4325,2034026
4326,3229500
4327,5728243
4328,4605126
4329,5916283
4330,3272165
4331,4861982
4332,1394180
4333,5728529
4334,2708228
4335,4496311
4336,2238596
4337,1313314
4338,3391158
4339,1884777
4340,1594495
4341,3307096
4342,2921700
4343,2187017
4344,2948512
4345,1292613
4346,5967717
4347,5725263
4348,5814261
4349,3218031
4350,5429347
4351,5753019
4352,5812201
4353,5744227
4354,5992259
4355,6003642
4356,2715819
4357,3319924
4358,3064220
4359,5963892
4360,3042372
4361,5994340
4362,4456456
4363,1278386
4364,4116869
4365,3495014
4366,1697869
4367,2131006
4368,1431797
4369,3510237
4370,3331007
4371,5009491
4372,1725018
4373,3424333
4374,6004046
4375,2537271
4376,5430221
4377,5254014
4378,3212270
4379,4668941
4380,2379977
4381,3404765
4382,4206195
4383,4927778
4384,1833437
4385,1426190
4386,2954136
4387,3264507
4388,4391934
4389,5830469
4390,5965883
4391,2039255
4392,5358378
4393,4613677
4394,1322129
4395,5351806
4396,4080476
4397,3425978
4398,1831443
4399,3292417
4400,5556130
4401,5922154
4402,2118459
4403,2127837
4404,3377126
4405,6011581
4406,4080023
4407,2674017
4408,3203319
4409,1794445
4410,6048496
4411,4493260
4412,4501416
4413,5799314
4414,4724899
4415,2696036
4416,5823495
4417,5967801
4418,5953665
4419,3062294
4420,2190720
4421,4810310
4422,3181879
4423,4634357
4424,5953793
4425,3088029
4426,4617613
4427,4627292
4428,2189603
4429,5906860
4430,5761214
4431,2928309
4432,2721109
4433,4222461
4434,4483996
4435,5757286
4436,3200224
4437,2996971
4438,3015401
4439,5957230
4440,2246101
4441,3182677
4442,4138690
4443,2146941
4444,5409067
4445,3062826
4446,3203460
4447,4557025
4448,5939451
4449,5802253
4450,5982961
4451,3517631
4452,4518377
4453,2217552
4454,5381414
4455,2274201
4456,1652160
4457,3442833
4458,2268998
4459,3282150
4460,5513676
4461,5790264
4462,2267339
4463,5414232
4464,2629138
4465,3249379
4466,4529773
4467,1291766
4468,5806062
4469,2510510
4470,4766180
4471,2541574
4472,5041910
4473,4594555
4474,1557610
4475,3203850
4476,5773997
4477,3516434
4478,2109119
4479,1436673
4480,2982342
4481,3510712
4482,3833536
4483,5741541
4484,4661284
4485,5875936
4486,2355718
4487,5748724
4488,1341481
4489,2188866
4490,5232926
4491,4657002
4492,2239001
4493,6065048
4494,5952031
4495,3203586
4496,5942988
4497,4888094
4498,5928690
4499,5725263
4500,3221526
4501,5838739
4502,5963483
4503,5317202
4504,2405941
4505,5885432
4506,2465825
4507,3419653
4508,3011547
4509,5940424
4510,3235305
4511,1535101
4512,5439120
4513,3168232
4514,5725340
4515,5823405
4516,1309741
4517,3173335
4518,5866017
4519,2207555
4520,3872363
4521,6087437
4522,2546615
4523,5803426
4524,3510504
4525,4210324
4526,4312575
4527,2206361
4528,4488191
4529,4939027
4530,4693706
4531,5919769
4532,1534614
4533,5265750
4534,2257386
4535,6062951
4536,6033456
4537,1858241
4538,5430768
4539,5718955
4540,3019210
4541,2315985
4542,2808435
4543,4245211
4544,2501898
4545,5266246
4546,3348031
4547,1349240
4548,3324885
4549,3453789
4550,5845703
4551,5733482
4552,4853800
4553,1439613
4554,2887733
4555,1275979
4556,4599487
4557,3176101
4558,4731429
4559,4136583
4560,1322098
4561,1786991
4562,2941710
4563,2030392
4564,3417923
4565,1900305
4566,3169654
4567,5834747
4568,2455046
4569,1406614
4570,2359568
4571,3400357
4572,1633947
4573,5935980
4574,5051653
4575,3221991
4576,4597200
4577,5764151
4578,4599915
4579,4766416
4580,4518487
4581,4164129
4582,1525337
4583,1738008
4584,5262889
4585,2312075
4586,3173219
4587,3020248
4588,1424246
4589,4464886
4590,5945202
4591,3223037
4592,1341517
4593,1787437
4594,4160765
4595,4730776
4596,2188634
4597,4473609
4598,3266858
4599,3408978
4600,2346958
4601,1439704
4602,1799201
4603,5053144
4604,2207212
4605,5901721
4606,5885432
4607,5344459
4608,4657004
4609,5972666
4610,3461967
4611,4522316
4612,4160631
4613,1884942
4614,2662429
4615,1435433
4616,3416102
4617,1392931
4618,4785618
4619,5140413
4620,3346067
4621,3272029
4622,4577098
4623,5560038
4624,4711129
4625,4806362
4626,2575201
4627,5848466
4628,1572912
4629,4085639
4630,3514120
4631,2674704
4632,6092294
4633,5190488
4634,6004022
4635,3270309
4636,2665576
4637,4898118
4638,1894461
4639,5949625
4640,4218648
4641,5924109
4642,4556964
4643,5749980
4644,3181945
4645,2129983
4646,1787443
4647,5488071
4648,3451738
4649,3164245
4650,1398543
4651,3202995
4652,5786587
4653,5919264
4654,2140230
4655,5376543
4656,5871928
4657,2475345
4658,3203672
4659,2295409
4660,5939504
4661,1272520
4662,3178284
4663,2531015
4664,4099723
4665,1392656
4666,3203025
4667,4611945
4668,1320906
4669,1458718
4670,5849261
4671,4273083
4672,3427061
4673,5390704
4674,3242822
4675,3226337
4676,5823452
4677,5841133
4678,2303844
4679,5465570
4680,3362356
4681,2250331
4682,6169346
4683,5759277
4684,3290048
4685,4604182
4686,5742732
4687,2915211
4688,1407729
4689,4534954
4690,3400144
4691,5743042
4692,2352292
4693,5293332
4694,1981652
4695,4713860
4696,6062572
4697,6103879
4698,2118533
4699,4920216
4700,6085530
4701,2127685
4702,1787519
4703,5906230
4704,3198136
4705,1320526
4706,4765287
4707,5943685
4708,5970403
4709,5773327
4710,2364967
4711,5864943
4712,5370413
4713,5801755
4714,1787429
4715,5889377
4716,3224996
4717,3184369
4718,3164186
4719,2161375
4720,2957720
4721,5382346
4722,5994976
4723,5362552
4724,4634765
4725,4680335
4726,1304161
4727,2598080
4728,5059871
4729,4571621
4730,5946561
4731,5278537
4732,3174336
4733,2434443
4734,4600972
4735,1552233
4736,1742007
4737,5325202
4738,2238778
4739,1485515
4740,3273250
4741,5336403
4742,5784307
4743,4444507
4744,3413724
4745,4157338
4746,3498003
4747,4123774
4748,1883797
4749,1394251
4750,3213716
4751,2654813
4752,5766136
4753,1404032
4754,3203438
4755,5979636
4756,6135916
4757,3199119
4758,1703417
4759,5943273
4760,3196671
4761,1351038
4762,3276979
4763,5897962
4764,6075903
4765,3514261
4766,3967414
4767,4861985
4768,1278374
4769,3327425
4770,5912249
4771,3014782
4772,5911970
4773,3176037
4774,1275813
4775,3205341
4776,5402319
4777,2238871
4778,4521843
4779,3508704
4780,4888144
4781,1454315
4782,4659726
4783,3459475
4784,3175128
4785,4780075
4786,3265349
4787,3400304
4788,1286386
4789,4541700
4790,5742249
4791,5538180
4792,3241418
4793,5964352
4794,4424921
4795,2180202
4796,2396599
4797,3367100
4798,4501193
4799,2580288
4800,6029316
4801,6137724
4802,3266044
4803,5805324
4804,4618910
4805,6089901
4806,5361837
4807,3390881
4808,4487477
4809,4729712
4810,6008279
4811,3803625
4812,4161034
4813,6072549
4814,6035627
4815,4525035
4816,4623821
4817,5743156
4818,3291165
4819,4612623
4820,1302002
4821,5725133
4822,2038745
4823,3174457
4824,3357866
4825,5788651
4826,4627545
4827,4736791
4828,1552439
4829,4254125
4830,5416319
4831,5764979
4832,5948658
4833,5930407
4834,2127602
4835,3402665
4836,4538222
4837,4699981
4838,4621267
4839,1370668
4840,5956658
4841,1309974
4842,3210231
4843,3225079
4844,2967790
4845,3448345
4846,4605465
4847,2877022
4848,5301206
4849,5747866
4850,3220782
4851,5639548
4852,3491785
4853,6136823
4854,4429763
4855,3301451
4856,4627140
4857,4774933
4858,4534340
4859,6098305
4860,6010812
4861,1293101
4862,2454384
4863,5848748
4864,3413576
4865,2358483
4866,4391924
4867,5920374
4868,3182166
4869,5983017
4870,1443616
4871,1292417
4872,3282909
4873,5914106
4874,5714689
4875,3875065
4876,1404605
4877,5897976
4878,2118498
4879,5991286
4880,1276122
4881,2173588
4882,1626237
4883,3209731
4884,1305516
4885,1535474
4886,3280006
4887,4982084
4888,5773768
4889,3328061
4890,5986469
4891,1864064
4892,5936471
4893,3240641
4894,5826439
4895,2752091
4896,5016263
4897,4188011
4898,4298862
4899,5933582
4900,4548125
4901,5923851
4902,1363330
4903,5177351
4904,4668005
4905,5321912
4906,2102564
4907,2220004
4908,2339549
4909,5976992
4910,2794214
4911,1301566
4912,4611302
4913,1667522
4914,1386819
4915,3404731
4916,3097590
4917,4280783
4918,3122111
4919,5986017
4920,1828723
4921,4676887
4922,4600609
4923,3330165
4924,4428988
4925,2122126
4926,6118301
4927,5967345
4928,4724716
4929,4934598
4930,5409080
4931,5288436
4932,3225708
4933,5300185
4934,2323367
4935,5988015
4936,4930231
4937,3320244
4938,2188065
4939,4409090
4940,5580076
4941,3180859
4942,5786207
4943,5745552
4944,1634051
4945,2431148
4946,4432947
4947,5369876
4948,2494366
4949,4772685
4950,1322602
4951,4743426
4952,1664444
4953,3205563
4954,1254635
4955,1344807
4956,5246409
4957,4493833
4958,4763305
4959,2934159
4960,3489482
4961,5848888
4962,5613223
4963,1518080
4964,5721279
4965,2477575
4966,1850079
4967,3360959
4968,3203258
4969,5951068
4970,5937611
4971,2353561
